case_id,Ft,Fh2,NO3In_H2O_Flow,NO3In_CL_Flow,NO3In_NA_Flow,NO3In_NO3_Flow,NO3In_SO4_Flow
1,8500.0,5.0,7621.015,453.90000000000003,330.565,78.625,15.895
2,8500.0,5.416666666666667,7621.015,453.90000000000003,330.565,78.625,15.895
3,8500.0,5.833333333333333,7621.015,453.90000000000003,330.565,78.625,15.895
4,8500.0,6.25,7621.015,453.90000000000003,330.565,78.625,15.895
5,8500.0,6.666666666666667,7621.015,453.90000000000003,330.565,78.625,15.895
6,8500.0,7.083333333333334,7621.015,453.90000000000003,330.565,78.625,15.895
7,8500.0,7.5,7621.015,453.90000000000003,330.565,78.625,15.895
8,8500.0,7.916666666666667,7621.015,453.90000000000003,330.565,78.625,15.895
9,8500.0,8.333333333333334,7621.015,453.90000000000003,330.565,78.625,15.895
10,8500.0,8.75,7621.015,453.90000000000003,330.565,78.625,15.895
11,8500.0,9.166666666666668,7621.015,453.90000000000003,330.565,78.625,15.895
12,8500.0,9.583333333333334,7621.015,453.90000000000003,330.565,78.625,15.895
13,8500.0,10.0,7621.015,453.90000000000003,330.565,78.625,15.895
14,8500.0,10.416666666666668,7621.015,453.90000000000003,330.565,78.625,15.895
15,8500.0,10.833333333333334,7621.015,453.90000000000003,330.565,78.625,15.895
16,8500.0,11.25,7621.015,453.90000000000003,330.565,78.625,15.895
17,8500.0,11.666666666666668,7621.015,453.90000000000003,330.565,78.625,15.895
18,8500.0,12.083333333333334,7621.015,453.90000000000003,330.565,78.625,15.895
19,8500.0,12.5,7621.015,453.90000000000003,330.565,78.625,15.895
20,8500.0,12.916666666666668,7621.015,453.90000000000003,330.565,78.625,15.895
21,8500.0,13.333333333333334,7621.015,453.90000000000003,330.565,78.625,15.895
22,8500.0,13.75,7621.015,453.90000000000003,330.565,78.625,15.895
23,8500.0,14.166666666666668,7621.015,453.90000000000003,330.565,78.625,15.895
24,8500.0,14.583333333333334,7621.015,453.90000000000003,330.565,78.625,15.895
25,8500.0,15.0,7621.015,453.90000000000003,330.565,78.625,15.895
26,8524.166666666666,5.0,7642.682591666666,455.1905,331.50484166666666,78.84854166666666,15.940191666666665
27,8524.166666666666,5.416666666666667,7642.682591666666,455.1905,331.50484166666666,78.84854166666666,15.940191666666665
28,8524.166666666666,5.833333333333333,7642.682591666666,455.1905,331.50484166666666,78.84854166666666,15.940191666666665
29,8524.166666666666,6.25,7642.682591666666,455.1905,331.50484166666666,78.84854166666666,15.940191666666665
30,8524.166666666666,6.666666666666667,7642.682591666666,455.1905,331.50484166666666,78.84854166666666,15.940191666666665
31,8524.166666666666,7.083333333333334,7642.682591666666,455.1905,331.50484166666666,78.84854166666666,15.940191666666665
32,8524.166666666666,7.5,7642.682591666666,455.1905,331.50484166666666,78.84854166666666,15.940191666666665
33,8524.166666666666,7.916666666666667,7642.682591666666,455.1905,331.50484166666666,78.84854166666666,15.940191666666665
34,8524.166666666666,8.333333333333334,7642.682591666666,455.1905,331.50484166666666,78.84854166666666,15.940191666666665
35,8524.166666666666,8.75,7642.682591666666,455.1905,331.50484166666666,78.84854166666666,15.940191666666665
36,8524.166666666666,9.166666666666668,7642.682591666666,455.1905,331.50484166666666,78.84854166666666,15.940191666666665
37,8524.166666666666,9.583333333333334,7642.682591666666,455.1905,331.50484166666666,78.84854166666666,15.940191666666665
38,8524.166666666666,10.0,7642.682591666666,455.1905,331.50484166666666,78.84854166666666,15.940191666666665
39,8524.166666666666,10.416666666666668,7642.682591666666,455.1905,331.50484166666666,78.84854166666666,15.940191666666665
40,8524.166666666666,10.833333333333334,7642.682591666666,455.1905,331.50484166666666,78.84854166666666,15.940191666666665
41,8524.166666666666,11.25,7642.682591666666,455.1905,331.50484166666666,78.84854166666666,15.940191666666665
42,8524.166666666666,11.666666666666668,7642.682591666666,455.1905,331.50484166666666,78.84854166666666,15.940191666666665
43,8524.166666666666,12.083333333333334,7642.682591666666,455.1905,331.50484166666666,78.84854166666666,15.940191666666665
44,8524.166666666666,12.5,7642.682591666666,455.1905,331.50484166666666,78.84854166666666,15.940191666666665
45,8524.166666666666,12.916666666666668,7642.682591666666,455.1905,331.50484166666666,78.84854166666666,15.940191666666665
46,8524.166666666666,13.333333333333334,7642.682591666666,455.1905,331.50484166666666,78.84854166666666,15.940191666666665
47,8524.166666666666,13.75,7642.682591666666,455.1905,331.50484166666666,78.84854166666666,15.940191666666665
48,8524.166666666666,14.166666666666668,7642.682591666666,455.1905,331.50484166666666,78.84854166666666,15.940191666666665
49,8524.166666666666,14.583333333333334,7642.682591666666,455.1905,331.50484166666666,78.84854166666666,15.940191666666665
50,8524.166666666666,15.0,7642.682591666666,455.1905,331.50484166666666,78.84854166666666,15.940191666666665
51,8548.333333333334,5.0,7664.350183333334,456.48100000000005,332.4446833333334,79.07208333333334,15.985383333333333
52,8548.333333333334,5.416666666666667,7664.350183333334,456.48100000000005,332.4446833333334,79.07208333333334,15.985383333333333
53,8548.333333333334,5.833333333333333,7664.350183333334,456.48100000000005,332.4446833333334,79.07208333333334,15.985383333333333
54,8548.333333333334,6.25,7664.350183333334,456.48100000000005,332.4446833333334,79.07208333333334,15.985383333333333
55,8548.333333333334,6.666666666666667,7664.350183333334,456.48100000000005,332.4446833333334,79.07208333333334,15.985383333333333
56,8548.333333333334,7.083333333333334,7664.350183333334,456.48100000000005,332.4446833333334,79.07208333333334,15.985383333333333
57,8548.333333333334,7.5,7664.350183333334,456.48100000000005,332.4446833333334,79.07208333333334,15.985383333333333
58,8548.333333333334,7.916666666666667,7664.350183333334,456.48100000000005,332.4446833333334,79.07208333333334,15.985383333333333
59,8548.333333333334,8.333333333333334,7664.350183333334,456.48100000000005,332.4446833333334,79.07208333333334,15.985383333333333
60,8548.333333333334,8.75,7664.350183333334,456.48100000000005,332.4446833333334,79.07208333333334,15.985383333333333
61,8548.333333333334,9.166666666666668,7664.350183333334,456.48100000000005,332.4446833333334,79.07208333333334,15.985383333333333
62,8548.333333333334,9.583333333333334,7664.350183333334,456.48100000000005,332.4446833333334,79.07208333333334,15.985383333333333
63,8548.333333333334,10.0,7664.350183333334,456.48100000000005,332.4446833333334,79.07208333333334,15.985383333333333
64,8548.333333333334,10.416666666666668,7664.350183333334,456.48100000000005,332.4446833333334,79.07208333333334,15.985383333333333
65,8548.333333333334,10.833333333333334,7664.350183333334,456.48100000000005,332.4446833333334,79.07208333333334,15.985383333333333
66,8548.333333333334,11.25,7664.350183333334,456.48100000000005,332.4446833333334,79.07208333333334,15.985383333333333
67,8548.333333333334,11.666666666666668,7664.350183333334,456.48100000000005,332.4446833333334,79.07208333333334,15.985383333333333
68,8548.333333333334,12.083333333333334,7664.350183333334,456.48100000000005,332.4446833333334,79.07208333333334,15.985383333333333
69,8548.333333333334,12.5,7664.350183333334,456.48100000000005,332.4446833333334,79.07208333333334,15.985383333333333
70,8548.333333333334,12.916666666666668,7664.350183333334,456.48100000000005,332.4446833333334,79.07208333333334,15.985383333333333
71,8548.333333333334,13.333333333333334,7664.350183333334,456.48100000000005,332.4446833333334,79.07208333333334,15.985383333333333
72,8548.333333333334,13.75,7664.350183333334,456.48100000000005,332.4446833333334,79.07208333333334,15.985383333333333
73,8548.333333333334,14.166666666666668,7664.350183333334,456.48100000000005,332.4446833333334,79.07208333333334,15.985383333333333
74,8548.333333333334,14.583333333333334,7664.350183333334,456.48100000000005,332.4446833333334,79.07208333333334,15.985383333333333
75,8548.333333333334,15.0,7664.350183333334,456.48100000000005,332.4446833333334,79.07208333333334,15.985383333333333
76,8572.5,5.0,7686.017775,457.7715,333.384525,79.295625,16.030575
77,8572.5,5.416666666666667,7686.017775,457.7715,333.384525,79.295625,16.030575
78,8572.5,5.833333333333333,7686.017775,457.7715,333.384525,79.295625,16.030575
79,8572.5,6.25,7686.017775,457.7715,333.384525,79.295625,16.030575
80,8572.5,6.666666666666667,7686.017775,457.7715,333.384525,79.295625,16.030575
81,8572.5,7.083333333333334,7686.017775,457.7715,333.384525,79.295625,16.030575
82,8572.5,7.5,7686.017775,457.7715,333.384525,79.295625,16.030575
83,8572.5,7.916666666666667,7686.017775,457.7715,333.384525,79.295625,16.030575
84,8572.5,8.333333333333334,7686.017775,457.7715,333.384525,79.295625,16.030575
85,8572.5,8.75,7686.017775,457.7715,333.384525,79.295625,16.030575
86,8572.5,9.166666666666668,7686.017775,457.7715,333.384525,79.295625,16.030575
87,8572.5,9.583333333333334,7686.017775,457.7715,333.384525,79.295625,16.030575
88,8572.5,10.0,7686.017775,457.7715,333.384525,79.295625,16.030575
89,8572.5,10.416666666666668,7686.017775,457.7715,333.384525,79.295625,16.030575
90,8572.5,10.833333333333334,7686.017775,457.7715,333.384525,79.295625,16.030575
91,8572.5,11.25,7686.017775,457.7715,333.384525,79.295625,16.030575
92,8572.5,11.666666666666668,7686.017775,457.7715,333.384525,79.295625,16.030575
93,8572.5,12.083333333333334,7686.017775,457.7715,333.384525,79.295625,16.030575
94,8572.5,12.5,7686.017775,457.7715,333.384525,79.295625,16.030575
95,8572.5,12.916666666666668,7686.017775,457.7715,333.384525,79.295625,16.030575
96,8572.5,13.333333333333334,7686.017775,457.7715,333.384525,79.295625,16.030575
97,8572.5,13.75,7686.017775,457.7715,333.384525,79.295625,16.030575
98,8572.5,14.166666666666668,7686.017775,457.7715,333.384525,79.295625,16.030575
99,8572.5,14.583333333333334,7686.017775,457.7715,333.384525,79.295625,16.030575
100,8572.5,15.0,7686.017775,457.7715,333.384525,79.295625,16.030575
101,8596.666666666666,5.0,7707.685366666666,459.062,334.32436666666666,79.51916666666666,16.075766666666667
102,8596.666666666666,5.416666666666667,7707.685366666666,459.062,334.32436666666666,79.51916666666666,16.075766666666667
103,8596.666666666666,5.833333333333333,7707.685366666666,459.062,334.32436666666666,79.51916666666666,16.075766666666667
104,8596.666666666666,6.25,7707.685366666666,459.062,334.32436666666666,79.51916666666666,16.075766666666667
105,8596.666666666666,6.666666666666667,7707.685366666666,459.062,334.32436666666666,79.51916666666666,16.075766666666667
106,8596.666666666666,7.083333333333334,7707.685366666666,459.062,334.32436666666666,79.51916666666666,16.075766666666667
107,8596.666666666666,7.5,7707.685366666666,459.062,334.32436666666666,79.51916666666666,16.075766666666667
108,8596.666666666666,7.916666666666667,7707.685366666666,459.062,334.32436666666666,79.51916666666666,16.075766666666667
109,8596.666666666666,8.333333333333334,7707.685366666666,459.062,334.32436666666666,79.51916666666666,16.075766666666667
110,8596.666666666666,8.75,7707.685366666666,459.062,334.32436666666666,79.51916666666666,16.075766666666667
111,8596.666666666666,9.166666666666668,7707.685366666666,459.062,334.32436666666666,79.51916666666666,16.075766666666667
112,8596.666666666666,9.583333333333334,7707.685366666666,459.062,334.32436666666666,79.51916666666666,16.075766666666667
113,8596.666666666666,10.0,7707.685366666666,459.062,334.32436666666666,79.51916666666666,16.075766666666667
114,8596.666666666666,10.416666666666668,7707.685366666666,459.062,334.32436666666666,79.51916666666666,16.075766666666667
115,8596.666666666666,10.833333333333334,7707.685366666666,459.062,334.32436666666666,79.51916666666666,16.075766666666667
116,8596.666666666666,11.25,7707.685366666666,459.062,334.32436666666666,79.51916666666666,16.075766666666667
117,8596.666666666666,11.666666666666668,7707.685366666666,459.062,334.32436666666666,79.51916666666666,16.075766666666667
118,8596.666666666666,12.083333333333334,7707.685366666666,459.062,334.32436666666666,79.51916666666666,16.075766666666667
119,8596.666666666666,12.5,7707.685366666666,459.062,334.32436666666666,79.51916666666666,16.075766666666667
120,8596.666666666666,12.916666666666668,7707.685366666666,459.062,334.32436666666666,79.51916666666666,16.075766666666667
121,8596.666666666666,13.333333333333334,7707.685366666666,459.062,334.32436666666666,79.51916666666666,16.075766666666667
122,8596.666666666666,13.75,7707.685366666666,459.062,334.32436666666666,79.51916666666666,16.075766666666667
123,8596.666666666666,14.166666666666668,7707.685366666666,459.062,334.32436666666666,79.51916666666666,16.075766666666667
124,8596.666666666666,14.583333333333334,7707.685366666666,459.062,334.32436666666666,79.51916666666666,16.075766666666667
125,8596.666666666666,15.0,7707.685366666666,459.062,334.32436666666666,79.51916666666666,16.075766666666667
126,8620.833333333334,5.0,7729.352958333334,460.3525000000001,335.2642083333334,79.74270833333334,16.120958333333334
127,8620.833333333334,5.416666666666667,7729.352958333334,460.3525000000001,335.2642083333334,79.74270833333334,16.120958333333334
128,8620.833333333334,5.833333333333333,7729.352958333334,460.3525000000001,335.2642083333334,79.74270833333334,16.120958333333334
129,8620.833333333334,6.25,7729.352958333334,460.3525000000001,335.2642083333334,79.74270833333334,16.120958333333334
130,8620.833333333334,6.666666666666667,7729.352958333334,460.3525000000001,335.2642083333334,79.74270833333334,16.120958333333334
131,8620.833333333334,7.083333333333334,7729.352958333334,460.3525000000001,335.2642083333334,79.74270833333334,16.120958333333334
132,8620.833333333334,7.5,7729.352958333334,460.3525000000001,335.2642083333334,79.74270833333334,16.120958333333334
133,8620.833333333334,7.916666666666667,7729.352958333334,460.3525000000001,335.2642083333334,79.74270833333334,16.120958333333334
134,8620.833333333334,8.333333333333334,7729.352958333334,460.3525000000001,335.2642083333334,79.74270833333334,16.120958333333334
135,8620.833333333334,8.75,7729.352958333334,460.3525000000001,335.2642083333334,79.74270833333334,16.120958333333334
136,8620.833333333334,9.166666666666668,7729.352958333334,460.3525000000001,335.2642083333334,79.74270833333334,16.120958333333334
137,8620.833333333334,9.583333333333334,7729.352958333334,460.3525000000001,335.2642083333334,79.74270833333334,16.120958333333334
138,8620.833333333334,10.0,7729.352958333334,460.3525000000001,335.2642083333334,79.74270833333334,16.120958333333334
139,8620.833333333334,10.416666666666668,7729.352958333334,460.3525000000001,335.2642083333334,79.74270833333334,16.120958333333334
140,8620.833333333334,10.833333333333334,7729.352958333334,460.3525000000001,335.2642083333334,79.74270833333334,16.120958333333334
141,8620.833333333334,11.25,7729.352958333334,460.3525000000001,335.2642083333334,79.74270833333334,16.120958333333334
142,8620.833333333334,11.666666666666668,7729.352958333334,460.3525000000001,335.2642083333334,79.74270833333334,16.120958333333334
143,8620.833333333334,12.083333333333334,7729.352958333334,460.3525000000001,335.2642083333334,79.74270833333334,16.120958333333334
144,8620.833333333334,12.5,7729.352958333334,460.3525000000001,335.2642083333334,79.74270833333334,16.120958333333334
145,8620.833333333334,12.916666666666668,7729.352958333334,460.3525000000001,335.2642083333334,79.74270833333334,16.120958333333334
146,8620.833333333334,13.333333333333334,7729.352958333334,460.3525000000001,335.2642083333334,79.74270833333334,16.120958333333334
147,8620.833333333334,13.75,7729.352958333334,460.3525000000001,335.2642083333334,79.74270833333334,16.120958333333334
148,8620.833333333334,14.166666666666668,7729.352958333334,460.3525000000001,335.2642083333334,79.74270833333334,16.120958333333334
149,8620.833333333334,14.583333333333334,7729.352958333334,460.3525000000001,335.2642083333334,79.74270833333334,16.120958333333334
150,8620.833333333334,15.0,7729.352958333334,460.3525000000001,335.2642083333334,79.74270833333334,16.120958333333334
151,8645.0,5.0,7751.02055,461.64300000000003,336.20405,79.96625,16.16615
152,8645.0,5.416666666666667,7751.02055,461.64300000000003,336.20405,79.96625,16.16615
153,8645.0,5.833333333333333,7751.02055,461.64300000000003,336.20405,79.96625,16.16615
154,8645.0,6.25,7751.02055,461.64300000000003,336.20405,79.96625,16.16615
155,8645.0,6.666666666666667,7751.02055,461.64300000000003,336.20405,79.96625,16.16615
156,8645.0,7.083333333333334,7751.02055,461.64300000000003,336.20405,79.96625,16.16615
157,8645.0,7.5,7751.02055,461.64300000000003,336.20405,79.96625,16.16615
158,8645.0,7.916666666666667,7751.02055,461.64300000000003,336.20405,79.96625,16.16615
159,8645.0,8.333333333333334,7751.02055,461.64300000000003,336.20405,79.96625,16.16615
160,8645.0,8.75,7751.02055,461.64300000000003,336.20405,79.96625,16.16615
161,8645.0,9.166666666666668,7751.02055,461.64300000000003,336.20405,79.96625,16.16615
162,8645.0,9.583333333333334,7751.02055,461.64300000000003,336.20405,79.96625,16.16615
163,8645.0,10.0,7751.02055,461.64300000000003,336.20405,79.96625,16.16615
164,8645.0,10.416666666666668,7751.02055,461.64300000000003,336.20405,79.96625,16.16615
165,8645.0,10.833333333333334,7751.02055,461.64300000000003,336.20405,79.96625,16.16615
166,8645.0,11.25,7751.02055,461.64300000000003,336.20405,79.96625,16.16615
167,8645.0,11.666666666666668,7751.02055,461.64300000000003,336.20405,79.96625,16.16615
168,8645.0,12.083333333333334,7751.02055,461.64300000000003,336.20405,79.96625,16.16615
169,8645.0,12.5,7751.02055,461.64300000000003,336.20405,79.96625,16.16615
170,8645.0,12.916666666666668,7751.02055,461.64300000000003,336.20405,79.96625,16.16615
171,8645.0,13.333333333333334,7751.02055,461.64300000000003,336.20405,79.96625,16.16615
172,8645.0,13.75,7751.02055,461.64300000000003,336.20405,79.96625,16.16615
173,8645.0,14.166666666666668,7751.02055,461.64300000000003,336.20405,79.96625,16.16615
174,8645.0,14.583333333333334,7751.02055,461.64300000000003,336.20405,79.96625,16.16615
175,8645.0,15.0,7751.02055,461.64300000000003,336.20405,79.96625,16.16615
176,8669.166666666666,5.0,7772.6881416666665,462.9335,337.14389166666666,80.18979166666665,16.211341666666666
177,8669.166666666666,5.416666666666667,7772.6881416666665,462.9335,337.14389166666666,80.18979166666665,16.211341666666666
178,8669.166666666666,5.833333333333333,7772.6881416666665,462.9335,337.14389166666666,80.18979166666665,16.211341666666666
179,8669.166666666666,6.25,7772.6881416666665,462.9335,337.14389166666666,80.18979166666665,16.211341666666666
180,8669.166666666666,6.666666666666667,7772.6881416666665,462.9335,337.14389166666666,80.18979166666665,16.211341666666666
181,8669.166666666666,7.083333333333334,7772.6881416666665,462.9335,337.14389166666666,80.18979166666665,16.211341666666666
182,8669.166666666666,7.5,7772.6881416666665,462.9335,337.14389166666666,80.18979166666665,16.211341666666666
183,8669.166666666666,7.916666666666667,7772.6881416666665,462.9335,337.14389166666666,80.18979166666665,16.211341666666666
184,8669.166666666666,8.333333333333334,7772.6881416666665,462.9335,337.14389166666666,80.18979166666665,16.211341666666666
185,8669.166666666666,8.75,7772.6881416666665,462.9335,337.14389166666666,80.18979166666665,16.211341666666666
186,8669.166666666666,9.166666666666668,7772.6881416666665,462.9335,337.14389166666666,80.18979166666665,16.211341666666666
187,8669.166666666666,9.583333333333334,7772.6881416666665,462.9335,337.14389166666666,80.18979166666665,16.211341666666666
188,8669.166666666666,10.0,7772.6881416666665,462.9335,337.14389166666666,80.18979166666665,16.211341666666666
189,8669.166666666666,10.416666666666668,7772.6881416666665,462.9335,337.14389166666666,80.18979166666665,16.211341666666666
190,8669.166666666666,10.833333333333334,7772.6881416666665,462.9335,337.14389166666666,80.18979166666665,16.211341666666666
191,8669.166666666666,11.25,7772.6881416666665,462.9335,337.14389166666666,80.18979166666665,16.211341666666666
192,8669.166666666666,11.666666666666668,7772.6881416666665,462.9335,337.14389166666666,80.18979166666665,16.211341666666666
193,8669.166666666666,12.083333333333334,7772.6881416666665,462.9335,337.14389166666666,80.18979166666665,16.211341666666666
194,8669.166666666666,12.5,7772.6881416666665,462.9335,337.14389166666666,80.18979166666665,16.211341666666666
195,8669.166666666666,12.916666666666668,7772.6881416666665,462.9335,337.14389166666666,80.18979166666665,16.211341666666666
196,8669.166666666666,13.333333333333334,7772.6881416666665,462.9335,337.14389166666666,80.18979166666665,16.211341666666666
197,8669.166666666666,13.75,7772.6881416666665,462.9335,337.14389166666666,80.18979166666665,16.211341666666666
198,8669.166666666666,14.166666666666668,7772.6881416666665,462.9335,337.14389166666666,80.18979166666665,16.211341666666666
199,8669.166666666666,14.583333333333334,7772.6881416666665,462.9335,337.14389166666666,80.18979166666665,16.211341666666666
200,8669.166666666666,15.0,7772.6881416666665,462.9335,337.14389166666666,80.18979166666665,16.211341666666666
201,8693.333333333334,5.0,7794.355733333334,464.22400000000005,338.0837333333334,80.41333333333334,16.256533333333334
202,8693.333333333334,5.416666666666667,7794.355733333334,464.22400000000005,338.0837333333334,80.41333333333334,16.256533333333334
203,8693.333333333334,5.833333333333333,7794.355733333334,464.22400000000005,338.0837333333334,80.41333333333334,16.256533333333334
204,8693.333333333334,6.25,7794.355733333334,464.22400000000005,338.0837333333334,80.41333333333334,16.256533333333334
205,8693.333333333334,6.666666666666667,7794.355733333334,464.22400000000005,338.0837333333334,80.41333333333334,16.256533333333334
206,8693.333333333334,7.083333333333334,7794.355733333334,464.22400000000005,338.0837333333334,80.41333333333334,16.256533333333334
207,8693.333333333334,7.5,7794.355733333334,464.22400000000005,338.0837333333334,80.41333333333334,16.256533333333334
208,8693.333333333334,7.916666666666667,7794.355733333334,464.22400000000005,338.0837333333334,80.41333333333334,16.256533333333334
209,8693.333333333334,8.333333333333334,7794.355733333334,464.22400000000005,338.0837333333334,80.41333333333334,16.256533333333334
210,8693.333333333334,8.75,7794.355733333334,464.22400000000005,338.0837333333334,80.41333333333334,16.256533333333334
211,8693.333333333334,9.166666666666668,7794.355733333334,464.22400000000005,338.0837333333334,80.41333333333334,16.256533333333334
212,8693.333333333334,9.583333333333334,7794.355733333334,464.22400000000005,338.0837333333334,80.41333333333334,16.256533333333334
213,8693.333333333334,10.0,7794.355733333334,464.22400000000005,338.0837333333334,80.41333333333334,16.256533333333334
214,8693.333333333334,10.416666666666668,7794.355733333334,464.22400000000005,338.0837333333334,80.41333333333334,16.256533333333334
215,8693.333333333334,10.833333333333334,7794.355733333334,464.22400000000005,338.0837333333334,80.41333333333334,16.256533333333334
216,8693.333333333334,11.25,7794.355733333334,464.22400000000005,338.0837333333334,80.41333333333334,16.256533333333334
217,8693.333333333334,11.666666666666668,7794.355733333334,464.22400000000005,338.0837333333334,80.41333333333334,16.256533333333334
218,8693.333333333334,12.083333333333334,7794.355733333334,464.22400000000005,338.0837333333334,80.41333333333334,16.256533333333334
219,8693.333333333334,12.5,7794.355733333334,464.22400000000005,338.0837333333334,80.41333333333334,16.256533333333334
220,8693.333333333334,12.916666666666668,7794.355733333334,464.22400000000005,338.0837333333334,80.41333333333334,16.256533333333334
221,8693.333333333334,13.333333333333334,7794.355733333334,464.22400000000005,338.0837333333334,80.41333333333334,16.256533333333334
222,8693.333333333334,13.75,7794.355733333334,464.22400000000005,338.0837333333334,80.41333333333334,16.256533333333334
223,8693.333333333334,14.166666666666668,7794.355733333334,464.22400000000005,338.0837333333334,80.41333333333334,16.256533333333334
224,8693.333333333334,14.583333333333334,7794.355733333334,464.22400000000005,338.0837333333334,80.41333333333334,16.256533333333334
225,8693.333333333334,15.0,7794.355733333334,464.22400000000005,338.0837333333334,80.41333333333334,16.256533333333334
226,8717.5,5.0,7816.023325,465.5145,339.023575,80.63687499999999,16.301724999999998
227,8717.5,5.416666666666667,7816.023325,465.5145,339.023575,80.63687499999999,16.301724999999998
228,8717.5,5.833333333333333,7816.023325,465.5145,339.023575,80.63687499999999,16.301724999999998
229,8717.5,6.25,7816.023325,465.5145,339.023575,80.63687499999999,16.301724999999998
230,8717.5,6.666666666666667,7816.023325,465.5145,339.023575,80.63687499999999,16.301724999999998
231,8717.5,7.083333333333334,7816.023325,465.5145,339.023575,80.63687499999999,16.301724999999998
232,8717.5,7.5,7816.023325,465.5145,339.023575,80.63687499999999,16.301724999999998
233,8717.5,7.916666666666667,7816.023325,465.5145,339.023575,80.63687499999999,16.301724999999998
234,8717.5,8.333333333333334,7816.023325,465.5145,339.023575,80.63687499999999,16.301724999999998
235,8717.5,8.75,7816.023325,465.5145,339.023575,80.63687499999999,16.301724999999998
236,8717.5,9.166666666666668,7816.023325,465.5145,339.023575,80.63687499999999,16.301724999999998
237,8717.5,9.583333333333334,7816.023325,465.5145,339.023575,80.63687499999999,16.301724999999998
238,8717.5,10.0,7816.023325,465.5145,339.023575,80.63687499999999,16.301724999999998
239,8717.5,10.416666666666668,7816.023325,465.5145,339.023575,80.63687499999999,16.301724999999998
240,8717.5,10.833333333333334,7816.023325,465.5145,339.023575,80.63687499999999,16.301724999999998
241,8717.5,11.25,7816.023325,465.5145,339.023575,80.63687499999999,16.301724999999998
242,8717.5,11.666666666666668,7816.023325,465.5145,339.023575,80.63687499999999,16.301724999999998
243,8717.5,12.083333333333334,7816.023325,465.5145,339.023575,80.63687499999999,16.301724999999998
244,8717.5,12.5,7816.023325,465.5145,339.023575,80.63687499999999,16.301724999999998
245,8717.5,12.916666666666668,7816.023325,465.5145,339.023575,80.63687499999999,16.301724999999998
246,8717.5,13.333333333333334,7816.023325,465.5145,339.023575,80.63687499999999,16.301724999999998
247,8717.5,13.75,7816.023325,465.5145,339.023575,80.63687499999999,16.301724999999998
248,8717.5,14.166666666666668,7816.023325,465.5145,339.023575,80.63687499999999,16.301724999999998
249,8717.5,14.583333333333334,7816.023325,465.5145,339.023575,80.63687499999999,16.301724999999998
250,8717.5,15.0,7816.023325,465.5145,339.023575,80.63687499999999,16.301724999999998
251,8741.666666666666,5.0,7837.690916666666,466.805,339.96341666666666,80.86041666666665,16.346916666666665
252,8741.666666666666,5.416666666666667,7837.690916666666,466.805,339.96341666666666,80.86041666666665,16.346916666666665
253,8741.666666666666,5.833333333333333,7837.690916666666,466.805,339.96341666666666,80.86041666666665,16.346916666666665
254,8741.666666666666,6.25,7837.690916666666,466.805,339.96341666666666,80.86041666666665,16.346916666666665
255,8741.666666666666,6.666666666666667,7837.690916666666,466.805,339.96341666666666,80.86041666666665,16.346916666666665
256,8741.666666666666,7.083333333333334,7837.690916666666,466.805,339.96341666666666,80.86041666666665,16.346916666666665
257,8741.666666666666,7.5,7837.690916666666,466.805,339.96341666666666,80.86041666666665,16.346916666666665
258,8741.666666666666,7.916666666666667,7837.690916666666,466.805,339.96341666666666,80.86041666666665,16.346916666666665
259,8741.666666666666,8.333333333333334,7837.690916666666,466.805,339.96341666666666,80.86041666666665,16.346916666666665
260,8741.666666666666,8.75,7837.690916666666,466.805,339.96341666666666,80.86041666666665,16.346916666666665
261,8741.666666666666,9.166666666666668,7837.690916666666,466.805,339.96341666666666,80.86041666666665,16.346916666666665
262,8741.666666666666,9.583333333333334,7837.690916666666,466.805,339.96341666666666,80.86041666666665,16.346916666666665
263,8741.666666666666,10.0,7837.690916666666,466.805,339.96341666666666,80.86041666666665,16.346916666666665
264,8741.666666666666,10.416666666666668,7837.690916666666,466.805,339.96341666666666,80.86041666666665,16.346916666666665
265,8741.666666666666,10.833333333333334,7837.690916666666,466.805,339.96341666666666,80.86041666666665,16.346916666666665
266,8741.666666666666,11.25,7837.690916666666,466.805,339.96341666666666,80.86041666666665,16.346916666666665
267,8741.666666666666,11.666666666666668,7837.690916666666,466.805,339.96341666666666,80.86041666666665,16.346916666666665
268,8741.666666666666,12.083333333333334,7837.690916666666,466.805,339.96341666666666,80.86041666666665,16.346916666666665
269,8741.666666666666,12.5,7837.690916666666,466.805,339.96341666666666,80.86041666666665,16.346916666666665
270,8741.666666666666,12.916666666666668,7837.690916666666,466.805,339.96341666666666,80.86041666666665,16.346916666666665
271,8741.666666666666,13.333333333333334,7837.690916666666,466.805,339.96341666666666,80.86041666666665,16.346916666666665
272,8741.666666666666,13.75,7837.690916666666,466.805,339.96341666666666,80.86041666666665,16.346916666666665
273,8741.666666666666,14.166666666666668,7837.690916666666,466.805,339.96341666666666,80.86041666666665,16.346916666666665
274,8741.666666666666,14.583333333333334,7837.690916666666,466.805,339.96341666666666,80.86041666666665,16.346916666666665
275,8741.666666666666,15.0,7837.690916666666,466.805,339.96341666666666,80.86041666666665,16.346916666666665
276,8765.833333333334,5.0,7859.358508333334,468.0955000000001,340.9032583333334,81.08395833333333,16.392108333333333
277,8765.833333333334,5.416666666666667,7859.358508333334,468.0955000000001,340.9032583333334,81.08395833333333,16.392108333333333
278,8765.833333333334,5.833333333333333,7859.358508333334,468.0955000000001,340.9032583333334,81.08395833333333,16.392108333333333
279,8765.833333333334,6.25,7859.358508333334,468.0955000000001,340.9032583333334,81.08395833333333,16.392108333333333
280,8765.833333333334,6.666666666666667,7859.358508333334,468.0955000000001,340.9032583333334,81.08395833333333,16.392108333333333
281,8765.833333333334,7.083333333333334,7859.358508333334,468.0955000000001,340.9032583333334,81.08395833333333,16.392108333333333
282,8765.833333333334,7.5,7859.358508333334,468.0955000000001,340.9032583333334,81.08395833333333,16.392108333333333
283,8765.833333333334,7.916666666666667,7859.358508333334,468.0955000000001,340.9032583333334,81.08395833333333,16.392108333333333
284,8765.833333333334,8.333333333333334,7859.358508333334,468.0955000000001,340.9032583333334,81.08395833333333,16.392108333333333
285,8765.833333333334,8.75,7859.358508333334,468.0955000000001,340.9032583333334,81.08395833333333,16.392108333333333
286,8765.833333333334,9.166666666666668,7859.358508333334,468.0955000000001,340.9032583333334,81.08395833333333,16.392108333333333
287,8765.833333333334,9.583333333333334,7859.358508333334,468.0955000000001,340.9032583333334,81.08395833333333,16.392108333333333
288,8765.833333333334,10.0,7859.358508333334,468.0955000000001,340.9032583333334,81.08395833333333,16.392108333333333
289,8765.833333333334,10.416666666666668,7859.358508333334,468.0955000000001,340.9032583333334,81.08395833333333,16.392108333333333
290,8765.833333333334,10.833333333333334,7859.358508333334,468.0955000000001,340.9032583333334,81.08395833333333,16.392108333333333
291,8765.833333333334,11.25,7859.358508333334,468.0955000000001,340.9032583333334,81.08395833333333,16.392108333333333
292,8765.833333333334,11.666666666666668,7859.358508333334,468.0955000000001,340.9032583333334,81.08395833333333,16.392108333333333
293,8765.833333333334,12.083333333333334,7859.358508333334,468.0955000000001,340.9032583333334,81.08395833333333,16.392108333333333
294,8765.833333333334,12.5,7859.358508333334,468.0955000000001,340.9032583333334,81.08395833333333,16.392108333333333
295,8765.833333333334,12.916666666666668,7859.358508333334,468.0955000000001,340.9032583333334,81.08395833333333,16.392108333333333
296,8765.833333333334,13.333333333333334,7859.358508333334,468.0955000000001,340.9032583333334,81.08395833333333,16.392108333333333
297,8765.833333333334,13.75,7859.358508333334,468.0955000000001,340.9032583333334,81.08395833333333,16.392108333333333
298,8765.833333333334,14.166666666666668,7859.358508333334,468.0955000000001,340.9032583333334,81.08395833333333,16.392108333333333
299,8765.833333333334,14.583333333333334,7859.358508333334,468.0955000000001,340.9032583333334,81.08395833333333,16.392108333333333
300,8765.833333333334,15.0,7859.358508333334,468.0955000000001,340.9032583333334,81.08395833333333,16.392108333333333
301,8790.0,5.0,7881.0261,469.386,341.8431,81.30749999999999,16.4373
302,8790.0,5.416666666666667,7881.0261,469.386,341.8431,81.30749999999999,16.4373
303,8790.0,5.833333333333333,7881.0261,469.386,341.8431,81.30749999999999,16.4373
304,8790.0,6.25,7881.0261,469.386,341.8431,81.30749999999999,16.4373
305,8790.0,6.666666666666667,7881.0261,469.386,341.8431,81.30749999999999,16.4373
306,8790.0,7.083333333333334,7881.0261,469.386,341.8431,81.30749999999999,16.4373
307,8790.0,7.5,7881.0261,469.386,341.8431,81.30749999999999,16.4373
308,8790.0,7.916666666666667,7881.0261,469.386,341.8431,81.30749999999999,16.4373
309,8790.0,8.333333333333334,7881.0261,469.386,341.8431,81.30749999999999,16.4373
310,8790.0,8.75,7881.0261,469.386,341.8431,81.30749999999999,16.4373
311,8790.0,9.166666666666668,7881.0261,469.386,341.8431,81.30749999999999,16.4373
312,8790.0,9.583333333333334,7881.0261,469.386,341.8431,81.30749999999999,16.4373
313,8790.0,10.0,7881.0261,469.386,341.8431,81.30749999999999,16.4373
314,8790.0,10.416666666666668,7881.0261,469.386,341.8431,81.30749999999999,16.4373
315,8790.0,10.833333333333334,7881.0261,469.386,341.8431,81.30749999999999,16.4373
316,8790.0,11.25,7881.0261,469.386,341.8431,81.30749999999999,16.4373
317,8790.0,11.666666666666668,7881.0261,469.386,341.8431,81.30749999999999,16.4373
318,8790.0,12.083333333333334,7881.0261,469.386,341.8431,81.30749999999999,16.4373
319,8790.0,12.5,7881.0261,469.386,341.8431,81.30749999999999,16.4373
320,8790.0,12.916666666666668,7881.0261,469.386,341.8431,81.30749999999999,16.4373
321,8790.0,13.333333333333334,7881.0261,469.386,341.8431,81.30749999999999,16.4373
322,8790.0,13.75,7881.0261,469.386,341.8431,81.30749999999999,16.4373
323,8790.0,14.166666666666668,7881.0261,469.386,341.8431,81.30749999999999,16.4373
324,8790.0,14.583333333333334,7881.0261,469.386,341.8431,81.30749999999999,16.4373
325,8790.0,15.0,7881.0261,469.386,341.8431,81.30749999999999,16.4373
326,8814.166666666666,5.0,7902.693691666666,470.6765,342.78294166666666,81.53104166666665,16.482491666666665
327,8814.166666666666,5.416666666666667,7902.693691666666,470.6765,342.78294166666666,81.53104166666665,16.482491666666665
328,8814.166666666666,5.833333333333333,7902.693691666666,470.6765,342.78294166666666,81.53104166666665,16.482491666666665
329,8814.166666666666,6.25,7902.693691666666,470.6765,342.78294166666666,81.53104166666665,16.482491666666665
330,8814.166666666666,6.666666666666667,7902.693691666666,470.6765,342.78294166666666,81.53104166666665,16.482491666666665
331,8814.166666666666,7.083333333333334,7902.693691666666,470.6765,342.78294166666666,81.53104166666665,16.482491666666665
332,8814.166666666666,7.5,7902.693691666666,470.6765,342.78294166666666,81.53104166666665,16.482491666666665
333,8814.166666666666,7.916666666666667,7902.693691666666,470.6765,342.78294166666666,81.53104166666665,16.482491666666665
334,8814.166666666666,8.333333333333334,7902.693691666666,470.6765,342.78294166666666,81.53104166666665,16.482491666666665
335,8814.166666666666,8.75,7902.693691666666,470.6765,342.78294166666666,81.53104166666665,16.482491666666665
336,8814.166666666666,9.166666666666668,7902.693691666666,470.6765,342.78294166666666,81.53104166666665,16.482491666666665
337,8814.166666666666,9.583333333333334,7902.693691666666,470.6765,342.78294166666666,81.53104166666665,16.482491666666665
338,8814.166666666666,10.0,7902.693691666666,470.6765,342.78294166666666,81.53104166666665,16.482491666666665
339,8814.166666666666,10.416666666666668,7902.693691666666,470.6765,342.78294166666666,81.53104166666665,16.482491666666665
340,8814.166666666666,10.833333333333334,7902.693691666666,470.6765,342.78294166666666,81.53104166666665,16.482491666666665
341,8814.166666666666,11.25,7902.693691666666,470.6765,342.78294166666666,81.53104166666665,16.482491666666665
342,8814.166666666666,11.666666666666668,7902.693691666666,470.6765,342.78294166666666,81.53104166666665,16.482491666666665
343,8814.166666666666,12.083333333333334,7902.693691666666,470.6765,342.78294166666666,81.53104166666665,16.482491666666665
344,8814.166666666666,12.5,7902.693691666666,470.6765,342.78294166666666,81.53104166666665,16.482491666666665
345,8814.166666666666,12.916666666666668,7902.693691666666,470.6765,342.78294166666666,81.53104166666665,16.482491666666665
346,8814.166666666666,13.333333333333334,7902.693691666666,470.6765,342.78294166666666,81.53104166666665,16.482491666666665
347,8814.166666666666,13.75,7902.693691666666,470.6765,342.78294166666666,81.53104166666665,16.482491666666665
348,8814.166666666666,14.166666666666668,7902.693691666666,470.6765,342.78294166666666,81.53104166666665,16.482491666666665
349,8814.166666666666,14.583333333333334,7902.693691666666,470.6765,342.78294166666666,81.53104166666665,16.482491666666665
350,8814.166666666666,15.0,7902.693691666666,470.6765,342.78294166666666,81.53104166666665,16.482491666666665
351,8838.333333333334,5.0,7924.361283333334,471.96700000000004,343.7227833333334,81.75458333333333,16.527683333333332
352,8838.333333333334,5.416666666666667,7924.361283333334,471.96700000000004,343.7227833333334,81.75458333333333,16.527683333333332
353,8838.333333333334,5.833333333333333,7924.361283333334,471.96700000000004,343.7227833333334,81.75458333333333,16.527683333333332
354,8838.333333333334,6.25,7924.361283333334,471.96700000000004,343.7227833333334,81.75458333333333,16.527683333333332
355,8838.333333333334,6.666666666666667,7924.361283333334,471.96700000000004,343.7227833333334,81.75458333333333,16.527683333333332
356,8838.333333333334,7.083333333333334,7924.361283333334,471.96700000000004,343.7227833333334,81.75458333333333,16.527683333333332
357,8838.333333333334,7.5,7924.361283333334,471.96700000000004,343.7227833333334,81.75458333333333,16.527683333333332
358,8838.333333333334,7.916666666666667,7924.361283333334,471.96700000000004,343.7227833333334,81.75458333333333,16.527683333333332
359,8838.333333333334,8.333333333333334,7924.361283333334,471.96700000000004,343.7227833333334,81.75458333333333,16.527683333333332
360,8838.333333333334,8.75,7924.361283333334,471.96700000000004,343.7227833333334,81.75458333333333,16.527683333333332
361,8838.333333333334,9.166666666666668,7924.361283333334,471.96700000000004,343.7227833333334,81.75458333333333,16.527683333333332
362,8838.333333333334,9.583333333333334,7924.361283333334,471.96700000000004,343.7227833333334,81.75458333333333,16.527683333333332
363,8838.333333333334,10.0,7924.361283333334,471.96700000000004,343.7227833333334,81.75458333333333,16.527683333333332
364,8838.333333333334,10.416666666666668,7924.361283333334,471.96700000000004,343.7227833333334,81.75458333333333,16.527683333333332
365,8838.333333333334,10.833333333333334,7924.361283333334,471.96700000000004,343.7227833333334,81.75458333333333,16.527683333333332
366,8838.333333333334,11.25,7924.361283333334,471.96700000000004,343.7227833333334,81.75458333333333,16.527683333333332
367,8838.333333333334,11.666666666666668,7924.361283333334,471.96700000000004,343.7227833333334,81.75458333333333,16.527683333333332
368,8838.333333333334,12.083333333333334,7924.361283333334,471.96700000000004,343.7227833333334,81.75458333333333,16.527683333333332
369,8838.333333333334,12.5,7924.361283333334,471.96700000000004,343.7227833333334,81.75458333333333,16.527683333333332
370,8838.333333333334,12.916666666666668,7924.361283333334,471.96700000000004,343.7227833333334,81.75458333333333,16.527683333333332
371,8838.333333333334,13.333333333333334,7924.361283333334,471.96700000000004,343.7227833333334,81.75458333333333,16.527683333333332
372,8838.333333333334,13.75,7924.361283333334,471.96700000000004,343.7227833333334,81.75458333333333,16.527683333333332
373,8838.333333333334,14.166666666666668,7924.361283333334,471.96700000000004,343.7227833333334,81.75458333333333,16.527683333333332
374,8838.333333333334,14.583333333333334,7924.361283333334,471.96700000000004,343.7227833333334,81.75458333333333,16.527683333333332
375,8838.333333333334,15.0,7924.361283333334,471.96700000000004,343.7227833333334,81.75458333333333,16.527683333333332
376,8862.5,5.0,7946.028875,473.25750000000005,344.662625,81.97812499999999,16.572875
377,8862.5,5.416666666666667,7946.028875,473.25750000000005,344.662625,81.97812499999999,16.572875
378,8862.5,5.833333333333333,7946.028875,473.25750000000005,344.662625,81.97812499999999,16.572875
379,8862.5,6.25,7946.028875,473.25750000000005,344.662625,81.97812499999999,16.572875
380,8862.5,6.666666666666667,7946.028875,473.25750000000005,344.662625,81.97812499999999,16.572875
381,8862.5,7.083333333333334,7946.028875,473.25750000000005,344.662625,81.97812499999999,16.572875
382,8862.5,7.5,7946.028875,473.25750000000005,344.662625,81.97812499999999,16.572875
383,8862.5,7.916666666666667,7946.028875,473.25750000000005,344.662625,81.97812499999999,16.572875
384,8862.5,8.333333333333334,7946.028875,473.25750000000005,344.662625,81.97812499999999,16.572875
385,8862.5,8.75,7946.028875,473.25750000000005,344.662625,81.97812499999999,16.572875
386,8862.5,9.166666666666668,7946.028875,473.25750000000005,344.662625,81.97812499999999,16.572875
387,8862.5,9.583333333333334,7946.028875,473.25750000000005,344.662625,81.97812499999999,16.572875
388,8862.5,10.0,7946.028875,473.25750000000005,344.662625,81.97812499999999,16.572875
389,8862.5,10.416666666666668,7946.028875,473.25750000000005,344.662625,81.97812499999999,16.572875
390,8862.5,10.833333333333334,7946.028875,473.25750000000005,344.662625,81.97812499999999,16.572875
391,8862.5,11.25,7946.028875,473.25750000000005,344.662625,81.97812499999999,16.572875
392,8862.5,11.666666666666668,7946.028875,473.25750000000005,344.662625,81.97812499999999,16.572875
393,8862.5,12.083333333333334,7946.028875,473.25750000000005,344.662625,81.97812499999999,16.572875
394,8862.5,12.5,7946.028875,473.25750000000005,344.662625,81.97812499999999,16.572875
395,8862.5,12.916666666666668,7946.028875,473.25750000000005,344.662625,81.97812499999999,16.572875
396,8862.5,13.333333333333334,7946.028875,473.25750000000005,344.662625,81.97812499999999,16.572875
397,8862.5,13.75,7946.028875,473.25750000000005,344.662625,81.97812499999999,16.572875
398,8862.5,14.166666666666668,7946.028875,473.25750000000005,344.662625,81.97812499999999,16.572875
399,8862.5,14.583333333333334,7946.028875,473.25750000000005,344.662625,81.97812499999999,16.572875
400,8862.5,15.0,7946.028875,473.25750000000005,344.662625,81.97812499999999,16.572875
401,8886.666666666666,5.0,7967.696466666666,474.548,345.60246666666666,82.20166666666665,16.618066666666664
402,8886.666666666666,5.416666666666667,7967.696466666666,474.548,345.60246666666666,82.20166666666665,16.618066666666664
403,8886.666666666666,5.833333333333333,7967.696466666666,474.548,345.60246666666666,82.20166666666665,16.618066666666664
404,8886.666666666666,6.25,7967.696466666666,474.548,345.60246666666666,82.20166666666665,16.618066666666664
405,8886.666666666666,6.666666666666667,7967.696466666666,474.548,345.60246666666666,82.20166666666665,16.618066666666664
406,8886.666666666666,7.083333333333334,7967.696466666666,474.548,345.60246666666666,82.20166666666665,16.618066666666664
407,8886.666666666666,7.5,7967.696466666666,474.548,345.60246666666666,82.20166666666665,16.618066666666664
408,8886.666666666666,7.916666666666667,7967.696466666666,474.548,345.60246666666666,82.20166666666665,16.618066666666664
409,8886.666666666666,8.333333333333334,7967.696466666666,474.548,345.60246666666666,82.20166666666665,16.618066666666664
410,8886.666666666666,8.75,7967.696466666666,474.548,345.60246666666666,82.20166666666665,16.618066666666664
411,8886.666666666666,9.166666666666668,7967.696466666666,474.548,345.60246666666666,82.20166666666665,16.618066666666664
412,8886.666666666666,9.583333333333334,7967.696466666666,474.548,345.60246666666666,82.20166666666665,16.618066666666664
413,8886.666666666666,10.0,7967.696466666666,474.548,345.60246666666666,82.20166666666665,16.618066666666664
414,8886.666666666666,10.416666666666668,7967.696466666666,474.548,345.60246666666666,82.20166666666665,16.618066666666664
415,8886.666666666666,10.833333333333334,7967.696466666666,474.548,345.60246666666666,82.20166666666665,16.618066666666664
416,8886.666666666666,11.25,7967.696466666666,474.548,345.60246666666666,82.20166666666665,16.618066666666664
417,8886.666666666666,11.666666666666668,7967.696466666666,474.548,345.60246666666666,82.20166666666665,16.618066666666664
418,8886.666666666666,12.083333333333334,7967.696466666666,474.548,345.60246666666666,82.20166666666665,16.618066666666664
419,8886.666666666666,12.5,7967.696466666666,474.548,345.60246666666666,82.20166666666665,16.618066666666664
420,8886.666666666666,12.916666666666668,7967.696466666666,474.548,345.60246666666666,82.20166666666665,16.618066666666664
421,8886.666666666666,13.333333333333334,7967.696466666666,474.548,345.60246666666666,82.20166666666665,16.618066666666664
422,8886.666666666666,13.75,7967.696466666666,474.548,345.60246666666666,82.20166666666665,16.618066666666664
423,8886.666666666666,14.166666666666668,7967.696466666666,474.548,345.60246666666666,82.20166666666665,16.618066666666664
424,8886.666666666666,14.583333333333334,7967.696466666666,474.548,345.60246666666666,82.20166666666665,16.618066666666664
425,8886.666666666666,15.0,7967.696466666666,474.548,345.60246666666666,82.20166666666665,16.618066666666664
426,8910.833333333334,5.0,7989.364058333334,475.83850000000007,346.5423083333334,82.42520833333333,16.663258333333335
427,8910.833333333334,5.416666666666667,7989.364058333334,475.83850000000007,346.5423083333334,82.42520833333333,16.663258333333335
428,8910.833333333334,5.833333333333333,7989.364058333334,475.83850000000007,346.5423083333334,82.42520833333333,16.663258333333335
429,8910.833333333334,6.25,7989.364058333334,475.83850000000007,346.5423083333334,82.42520833333333,16.663258333333335
430,8910.833333333334,6.666666666666667,7989.364058333334,475.83850000000007,346.5423083333334,82.42520833333333,16.663258333333335
431,8910.833333333334,7.083333333333334,7989.364058333334,475.83850000000007,346.5423083333334,82.42520833333333,16.663258333333335
432,8910.833333333334,7.5,7989.364058333334,475.83850000000007,346.5423083333334,82.42520833333333,16.663258333333335
433,8910.833333333334,7.916666666666667,7989.364058333334,475.83850000000007,346.5423083333334,82.42520833333333,16.663258333333335
434,8910.833333333334,8.333333333333334,7989.364058333334,475.83850000000007,346.5423083333334,82.42520833333333,16.663258333333335
435,8910.833333333334,8.75,7989.364058333334,475.83850000000007,346.5423083333334,82.42520833333333,16.663258333333335
436,8910.833333333334,9.166666666666668,7989.364058333334,475.83850000000007,346.5423083333334,82.42520833333333,16.663258333333335
437,8910.833333333334,9.583333333333334,7989.364058333334,475.83850000000007,346.5423083333334,82.42520833333333,16.663258333333335
438,8910.833333333334,10.0,7989.364058333334,475.83850000000007,346.5423083333334,82.42520833333333,16.663258333333335
439,8910.833333333334,10.416666666666668,7989.364058333334,475.83850000000007,346.5423083333334,82.42520833333333,16.663258333333335
440,8910.833333333334,10.833333333333334,7989.364058333334,475.83850000000007,346.5423083333334,82.42520833333333,16.663258333333335
441,8910.833333333334,11.25,7989.364058333334,475.83850000000007,346.5423083333334,82.42520833333333,16.663258333333335
442,8910.833333333334,11.666666666666668,7989.364058333334,475.83850000000007,346.5423083333334,82.42520833333333,16.663258333333335
443,8910.833333333334,12.083333333333334,7989.364058333334,475.83850000000007,346.5423083333334,82.42520833333333,16.663258333333335
444,8910.833333333334,12.5,7989.364058333334,475.83850000000007,346.5423083333334,82.42520833333333,16.663258333333335
445,8910.833333333334,12.916666666666668,7989.364058333334,475.83850000000007,346.5423083333334,82.42520833333333,16.663258333333335
446,8910.833333333334,13.333333333333334,7989.364058333334,475.83850000000007,346.5423083333334,82.42520833333333,16.663258333333335
447,8910.833333333334,13.75,7989.364058333334,475.83850000000007,346.5423083333334,82.42520833333333,16.663258333333335
448,8910.833333333334,14.166666666666668,7989.364058333334,475.83850000000007,346.5423083333334,82.42520833333333,16.663258333333335
449,8910.833333333334,14.583333333333334,7989.364058333334,475.83850000000007,346.5423083333334,82.42520833333333,16.663258333333335
450,8910.833333333334,15.0,7989.364058333334,475.83850000000007,346.5423083333334,82.42520833333333,16.663258333333335
451,8935.0,5.0,8011.03165,477.129,347.48215,82.64874999999999,16.70845
452,8935.0,5.416666666666667,8011.03165,477.129,347.48215,82.64874999999999,16.70845
453,8935.0,5.833333333333333,8011.03165,477.129,347.48215,82.64874999999999,16.70845
454,8935.0,6.25,8011.03165,477.129,347.48215,82.64874999999999,16.70845
455,8935.0,6.666666666666667,8011.03165,477.129,347.48215,82.64874999999999,16.70845
456,8935.0,7.083333333333334,8011.03165,477.129,347.48215,82.64874999999999,16.70845
457,8935.0,7.5,8011.03165,477.129,347.48215,82.64874999999999,16.70845
458,8935.0,7.916666666666667,8011.03165,477.129,347.48215,82.64874999999999,16.70845
459,8935.0,8.333333333333334,8011.03165,477.129,347.48215,82.64874999999999,16.70845
460,8935.0,8.75,8011.03165,477.129,347.48215,82.64874999999999,16.70845
461,8935.0,9.166666666666668,8011.03165,477.129,347.48215,82.64874999999999,16.70845
462,8935.0,9.583333333333334,8011.03165,477.129,347.48215,82.64874999999999,16.70845
463,8935.0,10.0,8011.03165,477.129,347.48215,82.64874999999999,16.70845
464,8935.0,10.416666666666668,8011.03165,477.129,347.48215,82.64874999999999,16.70845
465,8935.0,10.833333333333334,8011.03165,477.129,347.48215,82.64874999999999,16.70845
466,8935.0,11.25,8011.03165,477.129,347.48215,82.64874999999999,16.70845
467,8935.0,11.666666666666668,8011.03165,477.129,347.48215,82.64874999999999,16.70845
468,8935.0,12.083333333333334,8011.03165,477.129,347.48215,82.64874999999999,16.70845
469,8935.0,12.5,8011.03165,477.129,347.48215,82.64874999999999,16.70845
470,8935.0,12.916666666666668,8011.03165,477.129,347.48215,82.64874999999999,16.70845
471,8935.0,13.333333333333334,8011.03165,477.129,347.48215,82.64874999999999,16.70845
472,8935.0,13.75,8011.03165,477.129,347.48215,82.64874999999999,16.70845
473,8935.0,14.166666666666668,8011.03165,477.129,347.48215,82.64874999999999,16.70845
474,8935.0,14.583333333333334,8011.03165,477.129,347.48215,82.64874999999999,16.70845
475,8935.0,15.0,8011.03165,477.129,347.48215,82.64874999999999,16.70845
476,8959.166666666666,5.0,8032.699241666666,478.41949999999997,348.42199166666666,82.87229166666665,16.753641666666663
477,8959.166666666666,5.416666666666667,8032.699241666666,478.41949999999997,348.42199166666666,82.87229166666665,16.753641666666663
478,8959.166666666666,5.833333333333333,8032.699241666666,478.41949999999997,348.42199166666666,82.87229166666665,16.753641666666663
479,8959.166666666666,6.25,8032.699241666666,478.41949999999997,348.42199166666666,82.87229166666665,16.753641666666663
480,8959.166666666666,6.666666666666667,8032.699241666666,478.41949999999997,348.42199166666666,82.87229166666665,16.753641666666663
481,8959.166666666666,7.083333333333334,8032.699241666666,478.41949999999997,348.42199166666666,82.87229166666665,16.753641666666663
482,8959.166666666666,7.5,8032.699241666666,478.41949999999997,348.42199166666666,82.87229166666665,16.753641666666663
483,8959.166666666666,7.916666666666667,8032.699241666666,478.41949999999997,348.42199166666666,82.87229166666665,16.753641666666663
484,8959.166666666666,8.333333333333334,8032.699241666666,478.41949999999997,348.42199166666666,82.87229166666665,16.753641666666663
485,8959.166666666666,8.75,8032.699241666666,478.41949999999997,348.42199166666666,82.87229166666665,16.753641666666663
486,8959.166666666666,9.166666666666668,8032.699241666666,478.41949999999997,348.42199166666666,82.87229166666665,16.753641666666663
487,8959.166666666666,9.583333333333334,8032.699241666666,478.41949999999997,348.42199166666666,82.87229166666665,16.753641666666663
488,8959.166666666666,10.0,8032.699241666666,478.41949999999997,348.42199166666666,82.87229166666665,16.753641666666663
489,8959.166666666666,10.416666666666668,8032.699241666666,478.41949999999997,348.42199166666666,82.87229166666665,16.753641666666663
490,8959.166666666666,10.833333333333334,8032.699241666666,478.41949999999997,348.42199166666666,82.87229166666665,16.753641666666663
491,8959.166666666666,11.25,8032.699241666666,478.41949999999997,348.42199166666666,82.87229166666665,16.753641666666663
492,8959.166666666666,11.666666666666668,8032.699241666666,478.41949999999997,348.42199166666666,82.87229166666665,16.753641666666663
493,8959.166666666666,12.083333333333334,8032.699241666666,478.41949999999997,348.42199166666666,82.87229166666665,16.753641666666663
494,8959.166666666666,12.5,8032.699241666666,478.41949999999997,348.42199166666666,82.87229166666665,16.753641666666663
495,8959.166666666666,12.916666666666668,8032.699241666666,478.41949999999997,348.42199166666666,82.87229166666665,16.753641666666663
496,8959.166666666666,13.333333333333334,8032.699241666666,478.41949999999997,348.42199166666666,82.87229166666665,16.753641666666663
497,8959.166666666666,13.75,8032.699241666666,478.41949999999997,348.42199166666666,82.87229166666665,16.753641666666663
498,8959.166666666666,14.166666666666668,8032.699241666666,478.41949999999997,348.42199166666666,82.87229166666665,16.753641666666663
499,8959.166666666666,14.583333333333334,8032.699241666666,478.41949999999997,348.42199166666666,82.87229166666665,16.753641666666663
500,8959.166666666666,15.0,8032.699241666666,478.41949999999997,348.42199166666666,82.87229166666665,16.753641666666663
501,8983.333333333334,5.0,8054.3668333333335,479.71000000000004,349.3618333333334,83.09583333333333,16.798833333333334
502,8983.333333333334,5.416666666666667,8054.3668333333335,479.71000000000004,349.3618333333334,83.09583333333333,16.798833333333334
503,8983.333333333334,5.833333333333333,8054.3668333333335,479.71000000000004,349.3618333333334,83.09583333333333,16.798833333333334
504,8983.333333333334,6.25,8054.3668333333335,479.71000000000004,349.3618333333334,83.09583333333333,16.798833333333334
505,8983.333333333334,6.666666666666667,8054.3668333333335,479.71000000000004,349.3618333333334,83.09583333333333,16.798833333333334
506,8983.333333333334,7.083333333333334,8054.3668333333335,479.71000000000004,349.3618333333334,83.09583333333333,16.798833333333334
507,8983.333333333334,7.5,8054.3668333333335,479.71000000000004,349.3618333333334,83.09583333333333,16.798833333333334
508,8983.333333333334,7.916666666666667,8054.3668333333335,479.71000000000004,349.3618333333334,83.09583333333333,16.798833333333334
509,8983.333333333334,8.333333333333334,8054.3668333333335,479.71000000000004,349.3618333333334,83.09583333333333,16.798833333333334
510,8983.333333333334,8.75,8054.3668333333335,479.71000000000004,349.3618333333334,83.09583333333333,16.798833333333334
511,8983.333333333334,9.166666666666668,8054.3668333333335,479.71000000000004,349.3618333333334,83.09583333333333,16.798833333333334
512,8983.333333333334,9.583333333333334,8054.3668333333335,479.71000000000004,349.3618333333334,83.09583333333333,16.798833333333334
513,8983.333333333334,10.0,8054.3668333333335,479.71000000000004,349.3618333333334,83.09583333333333,16.798833333333334
514,8983.333333333334,10.416666666666668,8054.3668333333335,479.71000000000004,349.3618333333334,83.09583333333333,16.798833333333334
515,8983.333333333334,10.833333333333334,8054.3668333333335,479.71000000000004,349.3618333333334,83.09583333333333,16.798833333333334
516,8983.333333333334,11.25,8054.3668333333335,479.71000000000004,349.3618333333334,83.09583333333333,16.798833333333334
517,8983.333333333334,11.666666666666668,8054.3668333333335,479.71000000000004,349.3618333333334,83.09583333333333,16.798833333333334
518,8983.333333333334,12.083333333333334,8054.3668333333335,479.71000000000004,349.3618333333334,83.09583333333333,16.798833333333334
519,8983.333333333334,12.5,8054.3668333333335,479.71000000000004,349.3618333333334,83.09583333333333,16.798833333333334
520,8983.333333333334,12.916666666666668,8054.3668333333335,479.71000000000004,349.3618333333334,83.09583333333333,16.798833333333334
521,8983.333333333334,13.333333333333334,8054.3668333333335,479.71000000000004,349.3618333333334,83.09583333333333,16.798833333333334
522,8983.333333333334,13.75,8054.3668333333335,479.71000000000004,349.3618333333334,83.09583333333333,16.798833333333334
523,8983.333333333334,14.166666666666668,8054.3668333333335,479.71000000000004,349.3618333333334,83.09583333333333,16.798833333333334
524,8983.333333333334,14.583333333333334,8054.3668333333335,479.71000000000004,349.3618333333334,83.09583333333333,16.798833333333334
525,8983.333333333334,15.0,8054.3668333333335,479.71000000000004,349.3618333333334,83.09583333333333,16.798833333333334
526,9007.5,5.0,8076.034425,481.00050000000005,350.301675,83.319375,16.844025
527,9007.5,5.416666666666667,8076.034425,481.00050000000005,350.301675,83.319375,16.844025
528,9007.5,5.833333333333333,8076.034425,481.00050000000005,350.301675,83.319375,16.844025
529,9007.5,6.25,8076.034425,481.00050000000005,350.301675,83.319375,16.844025
530,9007.5,6.666666666666667,8076.034425,481.00050000000005,350.301675,83.319375,16.844025
531,9007.5,7.083333333333334,8076.034425,481.00050000000005,350.301675,83.319375,16.844025
532,9007.5,7.5,8076.034425,481.00050000000005,350.301675,83.319375,16.844025
533,9007.5,7.916666666666667,8076.034425,481.00050000000005,350.301675,83.319375,16.844025
534,9007.5,8.333333333333334,8076.034425,481.00050000000005,350.301675,83.319375,16.844025
535,9007.5,8.75,8076.034425,481.00050000000005,350.301675,83.319375,16.844025
536,9007.5,9.166666666666668,8076.034425,481.00050000000005,350.301675,83.319375,16.844025
537,9007.5,9.583333333333334,8076.034425,481.00050000000005,350.301675,83.319375,16.844025
538,9007.5,10.0,8076.034425,481.00050000000005,350.301675,83.319375,16.844025
539,9007.5,10.416666666666668,8076.034425,481.00050000000005,350.301675,83.319375,16.844025
540,9007.5,10.833333333333334,8076.034425,481.00050000000005,350.301675,83.319375,16.844025
541,9007.5,11.25,8076.034425,481.00050000000005,350.301675,83.319375,16.844025
542,9007.5,11.666666666666668,8076.034425,481.00050000000005,350.301675,83.319375,16.844025
543,9007.5,12.083333333333334,8076.034425,481.00050000000005,350.301675,83.319375,16.844025
544,9007.5,12.5,8076.034425,481.00050000000005,350.301675,83.319375,16.844025
545,9007.5,12.916666666666668,8076.034425,481.00050000000005,350.301675,83.319375,16.844025
546,9007.5,13.333333333333334,8076.034425,481.00050000000005,350.301675,83.319375,16.844025
547,9007.5,13.75,8076.034425,481.00050000000005,350.301675,83.319375,16.844025
548,9007.5,14.166666666666668,8076.034425,481.00050000000005,350.301675,83.319375,16.844025
549,9007.5,14.583333333333334,8076.034425,481.00050000000005,350.301675,83.319375,16.844025
550,9007.5,15.0,8076.034425,481.00050000000005,350.301675,83.319375,16.844025
551,9031.666666666666,5.0,8097.702016666666,482.291,351.24151666666666,83.54291666666666,16.889216666666666
552,9031.666666666666,5.416666666666667,8097.702016666666,482.291,351.24151666666666,83.54291666666666,16.889216666666666
553,9031.666666666666,5.833333333333333,8097.702016666666,482.291,351.24151666666666,83.54291666666666,16.889216666666666
554,9031.666666666666,6.25,8097.702016666666,482.291,351.24151666666666,83.54291666666666,16.889216666666666
555,9031.666666666666,6.666666666666667,8097.702016666666,482.291,351.24151666666666,83.54291666666666,16.889216666666666
556,9031.666666666666,7.083333333333334,8097.702016666666,482.291,351.24151666666666,83.54291666666666,16.889216666666666
557,9031.666666666666,7.5,8097.702016666666,482.291,351.24151666666666,83.54291666666666,16.889216666666666
558,9031.666666666666,7.916666666666667,8097.702016666666,482.291,351.24151666666666,83.54291666666666,16.889216666666666
559,9031.666666666666,8.333333333333334,8097.702016666666,482.291,351.24151666666666,83.54291666666666,16.889216666666666
560,9031.666666666666,8.75,8097.702016666666,482.291,351.24151666666666,83.54291666666666,16.889216666666666
561,9031.666666666666,9.166666666666668,8097.702016666666,482.291,351.24151666666666,83.54291666666666,16.889216666666666
562,9031.666666666666,9.583333333333334,8097.702016666666,482.291,351.24151666666666,83.54291666666666,16.889216666666666
563,9031.666666666666,10.0,8097.702016666666,482.291,351.24151666666666,83.54291666666666,16.889216666666666
564,9031.666666666666,10.416666666666668,8097.702016666666,482.291,351.24151666666666,83.54291666666666,16.889216666666666
565,9031.666666666666,10.833333333333334,8097.702016666666,482.291,351.24151666666666,83.54291666666666,16.889216666666666
566,9031.666666666666,11.25,8097.702016666666,482.291,351.24151666666666,83.54291666666666,16.889216666666666
567,9031.666666666666,11.666666666666668,8097.702016666666,482.291,351.24151666666666,83.54291666666666,16.889216666666666
568,9031.666666666666,12.083333333333334,8097.702016666666,482.291,351.24151666666666,83.54291666666666,16.889216666666666
569,9031.666666666666,12.5,8097.702016666666,482.291,351.24151666666666,83.54291666666666,16.889216666666666
570,9031.666666666666,12.916666666666668,8097.702016666666,482.291,351.24151666666666,83.54291666666666,16.889216666666666
571,9031.666666666666,13.333333333333334,8097.702016666666,482.291,351.24151666666666,83.54291666666666,16.889216666666666
572,9031.666666666666,13.75,8097.702016666666,482.291,351.24151666666666,83.54291666666666,16.889216666666666
573,9031.666666666666,14.166666666666668,8097.702016666666,482.291,351.24151666666666,83.54291666666666,16.889216666666666
574,9031.666666666666,14.583333333333334,8097.702016666666,482.291,351.24151666666666,83.54291666666666,16.889216666666666
575,9031.666666666666,15.0,8097.702016666666,482.291,351.24151666666666,83.54291666666666,16.889216666666666
576,9055.833333333334,5.0,8119.369608333333,483.58150000000006,352.1813583333334,83.76645833333333,16.934408333333334
577,9055.833333333334,5.416666666666667,8119.369608333333,483.58150000000006,352.1813583333334,83.76645833333333,16.934408333333334
578,9055.833333333334,5.833333333333333,8119.369608333333,483.58150000000006,352.1813583333334,83.76645833333333,16.934408333333334
579,9055.833333333334,6.25,8119.369608333333,483.58150000000006,352.1813583333334,83.76645833333333,16.934408333333334
580,9055.833333333334,6.666666666666667,8119.369608333333,483.58150000000006,352.1813583333334,83.76645833333333,16.934408333333334
581,9055.833333333334,7.083333333333334,8119.369608333333,483.58150000000006,352.1813583333334,83.76645833333333,16.934408333333334
582,9055.833333333334,7.5,8119.369608333333,483.58150000000006,352.1813583333334,83.76645833333333,16.934408333333334
583,9055.833333333334,7.916666666666667,8119.369608333333,483.58150000000006,352.1813583333334,83.76645833333333,16.934408333333334
584,9055.833333333334,8.333333333333334,8119.369608333333,483.58150000000006,352.1813583333334,83.76645833333333,16.934408333333334
585,9055.833333333334,8.75,8119.369608333333,483.58150000000006,352.1813583333334,83.76645833333333,16.934408333333334
586,9055.833333333334,9.166666666666668,8119.369608333333,483.58150000000006,352.1813583333334,83.76645833333333,16.934408333333334
587,9055.833333333334,9.583333333333334,8119.369608333333,483.58150000000006,352.1813583333334,83.76645833333333,16.934408333333334
588,9055.833333333334,10.0,8119.369608333333,483.58150000000006,352.1813583333334,83.76645833333333,16.934408333333334
589,9055.833333333334,10.416666666666668,8119.369608333333,483.58150000000006,352.1813583333334,83.76645833333333,16.934408333333334
590,9055.833333333334,10.833333333333334,8119.369608333333,483.58150000000006,352.1813583333334,83.76645833333333,16.934408333333334
591,9055.833333333334,11.25,8119.369608333333,483.58150000000006,352.1813583333334,83.76645833333333,16.934408333333334
592,9055.833333333334,11.666666666666668,8119.369608333333,483.58150000000006,352.1813583333334,83.76645833333333,16.934408333333334
593,9055.833333333334,12.083333333333334,8119.369608333333,483.58150000000006,352.1813583333334,83.76645833333333,16.934408333333334
594,9055.833333333334,12.5,8119.369608333333,483.58150000000006,352.1813583333334,83.76645833333333,16.934408333333334
595,9055.833333333334,12.916666666666668,8119.369608333333,483.58150000000006,352.1813583333334,83.76645833333333,16.934408333333334
596,9055.833333333334,13.333333333333334,8119.369608333333,483.58150000000006,352.1813583333334,83.76645833333333,16.934408333333334
597,9055.833333333334,13.75,8119.369608333333,483.58150000000006,352.1813583333334,83.76645833333333,16.934408333333334
598,9055.833333333334,14.166666666666668,8119.369608333333,483.58150000000006,352.1813583333334,83.76645833333333,16.934408333333334
599,9055.833333333334,14.583333333333334,8119.369608333333,483.58150000000006,352.1813583333334,83.76645833333333,16.934408333333334
600,9055.833333333334,15.0,8119.369608333333,483.58150000000006,352.1813583333334,83.76645833333333,16.934408333333334
601,9080.0,5.0,8141.0372,484.872,353.1212,83.99,16.979599999999998
602,9080.0,5.416666666666667,8141.0372,484.872,353.1212,83.99,16.979599999999998
603,9080.0,5.833333333333333,8141.0372,484.872,353.1212,83.99,16.979599999999998
604,9080.0,6.25,8141.0372,484.872,353.1212,83.99,16.979599999999998
605,9080.0,6.666666666666667,8141.0372,484.872,353.1212,83.99,16.979599999999998
606,9080.0,7.083333333333334,8141.0372,484.872,353.1212,83.99,16.979599999999998
607,9080.0,7.5,8141.0372,484.872,353.1212,83.99,16.979599999999998
608,9080.0,7.916666666666667,8141.0372,484.872,353.1212,83.99,16.979599999999998
609,9080.0,8.333333333333334,8141.0372,484.872,353.1212,83.99,16.979599999999998
610,9080.0,8.75,8141.0372,484.872,353.1212,83.99,16.979599999999998
611,9080.0,9.166666666666668,8141.0372,484.872,353.1212,83.99,16.979599999999998
612,9080.0,9.583333333333334,8141.0372,484.872,353.1212,83.99,16.979599999999998
613,9080.0,10.0,8141.0372,484.872,353.1212,83.99,16.979599999999998
614,9080.0,10.416666666666668,8141.0372,484.872,353.1212,83.99,16.979599999999998
615,9080.0,10.833333333333334,8141.0372,484.872,353.1212,83.99,16.979599999999998
616,9080.0,11.25,8141.0372,484.872,353.1212,83.99,16.979599999999998
617,9080.0,11.666666666666668,8141.0372,484.872,353.1212,83.99,16.979599999999998
618,9080.0,12.083333333333334,8141.0372,484.872,353.1212,83.99,16.979599999999998
619,9080.0,12.5,8141.0372,484.872,353.1212,83.99,16.979599999999998
620,9080.0,12.916666666666668,8141.0372,484.872,353.1212,83.99,16.979599999999998
621,9080.0,13.333333333333334,8141.0372,484.872,353.1212,83.99,16.979599999999998
622,9080.0,13.75,8141.0372,484.872,353.1212,83.99,16.979599999999998
623,9080.0,14.166666666666668,8141.0372,484.872,353.1212,83.99,16.979599999999998
624,9080.0,14.583333333333334,8141.0372,484.872,353.1212,83.99,16.979599999999998
625,9080.0,15.0,8141.0372,484.872,353.1212,83.99,16.979599999999998
